Ano,Dia,Velocidade do vento (m/s),Ponto de orvalho (°C),Temperatura mín.  (°C),Irradiância solar (W/m²),Umidade relativa (%),Velocidade máx. do vento (m/s),Velocidade mín. do vento (m/s),Pressão atmosférica (kPa),Time lag
2023,121,1.3,19.01,21.02,412.96,69.69,2.91,0.45,94.38,2.44
2023,122,0.74,19.48,21.73,415.59,72.31,1.29,0.13,94.32,1.95
2023,123,01.03,18.6,19.81,394.56,67.69,2.41,0.64,94.31,1.26
2023,124,1.77,18.3,20.23,389.7,65.75,3.62,0.83,94.39,1.14
2023,125,2.38,17.37,21.01,376.47,60.5,3.73,1.29,94.48,1.52
2023,126,2.23,16.44,18.78,372.32,61.25,3.38,1.14,94.44,1.44
2023,127,2.0,16.26,18.62,368.24,60.5,3.41,1.11,94.4,1.3
2023,128,02.05,17.34,19.53,388.81,63.44,3.44,1.14,94.46,0.74
2023,129,1.88,17.48,20.08,390.02,62.44,3.26,0.88,94.42,01.03
2023,130,1.77,17.8,20.44,389.29,63.62,2.87,0.78,94.33,1.77
2023,131,1.17,17.62,20.88,395.79,62.0,2.61,0.45,94.21,2.38
2023,132,0.68,18.36,21.61,398.3,63.38,1.29,0.18,94.31,2.23
2023,133,0.72,18.44,21.05,406.66,63.06,1.3,0.27,94.38,2.0
2023,134,1.41,19.35,21.7,422.3,68.5,2.48,0.7,94.57,02.05
2023,135,1.8,19.19,20.34,393.6,70.44,3.46,0.77,94.57,1.88
2023,136,1.58,18.51,20.85,372.11,66.0,2.99,0.8,94.44,1.77
2023,137,1.7,17.62,20.92,366.44,64.06,2.77,0.77,94.39,1.17
2023,138,1.84,18.09,20.2,377.26,66.75,3.59,0.73,94.5,0.68
2023,139,2.0,16.01,17.94,361.07,63.38,3.24,0.8,94.51,0.72
2023,140,2.29,11.8,15.76,332.82,52.56,3.33,1.1,94.45,1.41
2023,141,2.43,11.16,14.9,318.84,53.31,3.96,1.36,94.44,1.8
2023,142,2.4,13.06,15.95,334.42,55.12,3.53,1.48,94.47,1.58
2023,143,03.08,15.01,18.02,346.23,60.19,4.7,1.68,94.5,1.7
2023,144,3.11,16.83,19.82,389.59,65.31,4.81,1.69,94.46,1.84
2023,145,3.3,16.26,17.85,368.15,65.62,5.71,1.47,94.48,2.0
2023,146,3.45,16.84,18.65,380.54,65.19,5.52,1.78,94.55,2.29
2023,147,2.99,16.54,19.81,369.82,62.44,4.41,1.92,94.6,2.43
2023,148,2.13,14.99,17.64,346.19,59.12,3.8,1.1,94.51,2.4
2023,149,02.08,14.17,18.25,336.91,52.94,3.59,01.07,94.41,03.08
2023,150,2.84,15.03,20.37,348.13,53.81,3.87,1.56,94.53,3.11
2023,151,2.4,15.48,18.48,354.1,59.56,4.25,1.46,94.66,3.3
2023,152,02.09,14.1,19.79,359.82,54.0,3.47,01.09,94.61,3.45
2023,153,2.41,14.83,18.92,364.3,55.19,3.9,01.08,94.45,2.99
2023,154,2.92,15.62,19.63,364.48,58.0,4.79,1.45,94.5,2.13
2023,155,2.65,14.69,19.02,336.33,57.56,04.03,1.48,94.67,02.08
2023,156,2.46,11.05,15.65,324.62,52.88,4.1,1.39,94.73,2.84
2023,157,2.34,11.68,15.19,331.57,52.44,3.98,1.17,94.64,2.4
2023,158,2.65,14.26,16.9,351.27,58.88,4.43,1.45,94.7,02.09
2023,159,03.04,14.68,18.29,360.36,59.0,4.52,1.81,94.72,2.41
2023,160,2.83,16.39,19.08,369.91,61.0,04.09,1.71,94.65,2.92
2023,161,2.3,17.12,19.88,384.36,66.31,4.37,0.73,94.65,2.65
2023,162,2.29,15.56,18.8,369.12,58.19,3.58,1.3,94.58,2.46
2023,163,2.33,14.67,18.56,349.88,56.06,3.7,1.19,94.58,2.34
2023,164,2.31,13.84,18.27,347.65,53.88,3.48,1.18,94.61,2.65
2023,165,2.42,14.07,17.9,352.22,54.62,04.07,1.3,94.56,03.04
2023,166,2.45,14.37,17.64,363.84,56.19,4.1,1.32,94.56,2.83
2023,167,2.27,16.14,18.69,375.3,61.75,3.64,1.21,94.6,2.3
2023,168,2.26,15.84,19.08,361.34,59.06,3.18,1.44,94.6,2.29
2023,169,03.02,15.11,19.03,358.45,56.31,4.8,1.87,94.58,2.33
2023,170,2.71,15.21,18.06,356.98,60.5,4.52,1.18,94.71,2.31
2023,171,2.97,14.52,17.64,354.18,59.88,05.09,1.46,94.77,2.42
2023,172,2.79,14.89,18.16,360.19,60.75,3.99,1.93,94.7,2.45
2023,173,2.84,14.55,17.64,337.82,61.5,4.31,1.41,94.65,2.27
2023,174,2.46,12.98,16.01,324.44,59.25,4.38,1.41,94.65,2.26
2023,175,2.28,12.52,15.14,337.57,57.81,3.62,1.16,94.66,03.02
2023,176,2.55,13.86,16.68,345.53,61.0,4.25,1.26,94.69,2.71
2023,177,2.64,13.25,16.65,343.71,60.75,4.75,1.1,94.66,2.97
2023,178,3.3,14.65,19.04,358.72,60.06,4.68,1.81,94.67,2.79
2023,179,2.49,13.94,16.51,339.73,60.94,4.13,1.68,94.68,2.84
2023,180,2.28,11.89,15.85,353.05,51.5,3.45,1.51,94.7,2.46
2023,181,2.94,14.57,18.4,362.7,59.31,4.25,1.62,94.73,2.28
2023,182,2.73,14.24,17.6,353.12,60.88,04.02,1.63,94.66,2.55
2023,183,1.52,11.98,15.55,335.72,54.0,3.12,0.75,94.51,2.64
2023,184,02.03,11.74,16.62,330.74,52.38,3.1,1.1,94.53,3.3
2023,185,2.88,10.44,16.34,330.94,48.25,4.36,1.51,94.67,2.49
2023,186,03.08,11.21,14.55,315.73,56.19,4.69,02.05,94.78,2.28
2023,187,2.5,11.19,14.12,324.43,56.88,4.73,1.27,94.71,2.94
2023,188,1.91,12.48,14.89,332.4,57.19,3.55,0.84,94.59,2.73
2023,189,1.64,14.55,16.9,336.8,58.56,3.77,0.51,94.5,1.52
2023,190,1.73,14.04,18.84,350.62,52.19,3.3,0.91,94.53,02.03
2023,191,2.38,13.2,18.37,351.71,48.94,4.44,0.84,94.53,2.88
2023,192,2.23,15.19,20.87,353.66,54.69,3.68,1.19,94.52,03.08
2023,193,2.3,11.91,18.32,340.82,48.06,3.98,1.15,94.29,2.5
2023,194,1.44,9.45,17.62,345.77,40.75,2.55,0.9,94.31,1.91
2023,195,1.27,10.36,18.55,338.51,42.56,2.12,0.69,94.3,1.64
2023,196,1.98,10.43,18.3,358.41,39.88,3.72,0.87,94.35,1.73
2023,197,3.17,13.38,20.29,378.84,47.94,4.25,2.11,94.58,2.38
2023,198,2.94,12.96,18.15,356.92,52.38,4.34,1.55,94.69,2.23
2023,199,2.84,11.47,17.87,343.73,48.69,4.56,1.31,94.86,2.3
2023,200,03.08,09.03,16.27,333.22,44.38,5.48,1.32,94.97,1.44
2023,201,3.88,10.7,15.84,330.41,50.19,6.21,2.33,94.96,1.27
2023,202,3.82,13.69,15.78,352.51,60.25,5.91,1.82,94.93,1.98
2023,203,3.98,14.78,16.79,382.92,60.12,5.81,2.21,94.89,3.17
2023,204,3.62,14.6,19.03,384.03,57.5,4.86,2.3,94.94,2.94
2023,205,3.31,13.83,17.44,375.84,57.69,4.83,1.98,94.87,2.84
2023,206,2.39,13.51,18.75,345.33,53.31,3.77,0.76,94.7,03.08
2023,207,02.07,11.59,16.24,357.64,48.88,04.05,0.88,94.59,3.88
2023,208,2.72,13.3,19.74,381.97,49.0,3.88,1.74,94.66,3.82
2023,209,3.17,15.4,19.65,387.74,57.0,4.86,1.73,94.76,3.98
2023,210,2.32,16.33,20.26,382.01,60.44,3.7,1.41,94.75,3.62
2023,211,2.53,15.37,21.05,372.48,53.69,4.22,1.28,94.75,3.31
2023,212,3.28,14.62,19.58,358.25,54.75,4.99,1.89,94.87,2.39
2023,213,2.88,12.57,17.44,347.12,53.5,3.95,1.75,94.85,02.07
2023,214,2.73,13.12,18.09,355.26,51.62,4.65,1.12,94.79,2.72
2023,215,02.09,14.4,18.4,352.61,53.19,3.82,0.85,94.68,3.17
2023,216,02.02,12.9,18.58,336.72,48.25,3.52,01.06,94.56,2.32
2023,217,2.2,11.85,18.73,337.56,45.56,3.69,1.37,94.68,2.53
2023,218,2.66,9.4,17.12,325.54,41.75,4.2,1.54,94.78,3.28
2023,219,2.33,11.19,16.94,343.38,46.06,04.02,1.16,94.84,2.88
2023,220,2.1,11.25,18.23,352.57,42.44,3.3,1.44,94.71,2.73
2023,221,2.89,13.4,19.06,350.44,48.44,4.47,1.52,94.66,02.09
2023,222,2.65,12.55,17.93,346.54,49.69,4.41,1.59,94.66,02.02
2023,223,2.76,10.68,16.85,339.69,46.5,4.27,1.79,94.63,2.2
2023,224,2.84,10.69,17.48,342.19,44.75,4.5,1.59,94.57,2.66
2023,225,03.02,11.58,18.01,347.25,48.25,4.36,1.79,94.56,2.33
2023,226,3.52,10.91,17.56,345.45,48.06,5.27,1.84,94.56,2.1
2023,227,3.55,12.4,16.88,363.6,52.38,5.61,2.33,94.59,2.89
2023,228,3.77,13.04,17.65,357.13,52.88,5.28,1.75,94.58,2.65
2023,229,3.37,11.87,17.62,352.48,48.75,5.46,1.49,94.58,2.76
2023,230,2.39,13.58,18.9,373.04,50.44,3.45,1.34,94.39,2.84
2023,231,02.05,14.34,21.69,392.05,48.0,3.89,0.09,94.28,03.02
2023,232,2.24,14.12,22.42,379.12,44.12,4.62,0.63,94.19,3.52
2023,233,1.81,13.06,21.1,367.57,40.38,3.76,01.04,94.17,3.55
2023,234,2.19,13.92,20.91,389.56,44.12,3.73,1.23,94.14,3.77
2023,235,2.2,14.98,23.59,413.91,43.75,3.94,01.02,94.15,3.37
2023,236,02.09,14.26,24.26,413.2,40.5,4.2,0.96,94.21,2.39
2023,237,1.45,14.88,23.68,409.77,43.12,3.55,0.48,94.19,02.05
2023,238,1.38,14.87,23.02,421.12,44.5,1.97,0.8,94.18,2.24
2023,239,1.45,17.22,22.49,428.52,53.38,2.52,0.16,94.34,1.81
2023,240,1.54,17.75,23.17,435.23,56.0,2.26,0.79,94.47,2.19
2023,241,02.09,18.25,22.71,429.88,59.44,04.06,0.94,94.54,2.2
2023,242,1.95,17.64,21.56,430.12,58.94,3.8,1.0,94.45,02.09
2023,243,2.27,16.48,21.48,434.29,52.69,3.16,1.59,94.45,1.45
2023,244,2.53,16.38,22.39,434.11,50.75,4.54,1.59,94.44,1.38
2023,245,2.72,14.89,20.72,402.14,50.0,4.77,1.23,94.44,1.45
2023,246,2.71,12.63,19.08,380.14,44.62,4.91,1.4,94.46,1.54
2023,247,2.34,14.55,20.17,384.91,48.12,4.67,01.08,94.48,02.09
2023,248,2.81,15.24,22.44,383.56,46.88,4.69,01.09,94.55,1.95
2023,249,3.46,15.44,20.76,380.7,52.5,4.9,1.59,94.49,2.27
2023,250,4.56,12.15,19.79,371.91,44.25,6.29,2.34,94.59,2.53
2023,251,3.82,10.37,18.51,352.02,41.31,5.12,2.28,94.58,2.72
2023,252,2.62,12.47,18.06,354.92,46.75,04.09,1.72,94.58,2.71
2023,253,03.05,12.56,18.87,358.94,45.62,4.88,1.78,94.52,2.34
2023,254,2.81,13.39,19.0,352.31,46.69,4.89,1.3,94.46,2.81
2023,255,3.21,13.23,20.12,364.49,44.19,4.46,2.2,94.47,3.46
2023,256,2.53,12.46,19.87,363.96,42.88,4.56,1.21,94.41,4.56
2023,257,1.66,12.07,20.1,358.72,40.19,3.39,01.03,94.39,3.82
2023,258,1.81,11.33,21.05,365.34,35.69,3.53,0.97,94.28,2.62
2023,259,3.21,12.15,22.41,375.41,35.19,4.99,1.66,94.33,03.05
2023,260,3.59,11.67,21.93,375.16,37.62,4.81,1.97,94.43,2.81
2023,261,03.09,10.87,20.33,365.58,38.94,4.79,1.62,94.46,3.21
2023,262,03.01,11.02,20.44,366.23,39.25,4.32,1.55,94.36,2.53
2023,263,2.92,11.3,20.74,358.82,38.81,4.56,1.63,94.37,1.66
2023,264,2.97,11.01,20.13,344.99,38.81,4.52,1.53,94.32,1.81
2023,265,2.7,9.4,18.98,346.27,35.38,4.79,1.53,94.3,3.21
2023,266,1.96,8.37,18.99,348.27,31.81,3.94,0.91,94.23,3.59
2023,267,1.68,6.98,20.37,367.82,26.62,2.91,0.99,94.15,03.09
2023,268,1.59,9.97,21.69,390.84,29.75,2.95,0.92,94.12,03.01
2023,269,1.97,13.35,25.9,422.33,32.44,4.15,01.07,94.03,2.92
2023,270,2.15,14.44,26.54,415.79,33.75,4.44,01.04,94.04,2.97
2023,271,1.84,14.66,25.69,424.53,34.88,2.75,0.8,94.04,2.7
2023,272,2.26,13.86,26.9,420.27,34.0,04.09,0.88,94.18,1.96
2023,273,3.23,13.81,23.99,384.6,37.12,4.54,2.1,94.22,1.68
2023,274,2.38,12.44,21.91,388.7,36.12,4.97,01.01,94.18,1.59
2023,275,2.41,9.37,24.77,412.35,26.12,4.98,0.86,94.05,1.97
2023,276,1.88,14.37,26.51,426.73,35.81,3.56,0.13,94.02,2.15
2023,277,2.48,14.98,25.8,433.84,38.62,4.18,0.98,94.04,1.84
2023,278,1.84,14.35,24.8,436.66,37.0,3.93,0.93,94.09,2.26
2023,279,02.05,15.62,25.51,447.36,39.62,3.64,0.85,94.23,3.23
2023,280,2.28,15.27,25.23,405.82,40.44,04.02,1.13,94.35,2.38
2023,281,2.84,15.24,26.01,402.94,38.0,4.84,0.75,94.32,2.41
2023,282,1.76,15.37,26.23,396.89,41.38,3.8,0.62,94.34,1.88
2023,283,2.25,14.08,26.07,407.53,34.0,4.62,0.31,94.21,2.48
2023,284,3.1,12.08,24.07,379.62,33.62,05.01,1.76,94.22,1.84
2023,285,1.89,10.26,21.27,374.02,31.12,4.12,0.81,94.17,02.05
2023,286,2.22,10.85,22.48,378.27,30.69,4.66,0.97,94.16,2.28
2023,287,2.73,11.85,23.43,408.32,31.25,4.62,01.09,94.23,2.84
2023,288,3.42,12.08,23.68,373.08,33.81,5.36,1.7,94.41,1.76
2023,289,3.38,9.98,23.28,365.06,33.0,4.89,1.5,94.34,2.25
2023,290,2.92,9.11,22.61,371.05,32.44,4.7,1.35,94.3,3.1
2023,291,2.78,9.3,21.75,375.76,30.44,4.62,1.32,94.25,1.89
2023,292,2.77,9.48,21.67,380.4,28.81,4.7,1.52,94.22,2.22
2023,293,2.62,10.4,22.27,409.68,30.19,5.26,0.9,94.27,2.73
2023,294,03.05,13.26,24.76,409.64,33.75,5.26,1.36,94.2,3.42
2023,295,2.68,14.92,25.03,427.09,38.5,4.97,1.0,94.16,3.38
2023,296,2.86,13.96,25.04,414.45,35.25,5.18,0.94,94.18,2.92
2023,297,1.56,16.01,25.44,410.16,40.06,3.52,0.46,94.08,2.78
2023,298,1.69,19.01,24.11,414.95,54.56,2.77,0.68,94.02,2.77
2023,299,01.02,19.7,24.23,413.1,58.62,1.55,0.45,93.9,2.62
2023,300,1.52,19.67,23.87,420.95,56.94,2.89,0.45,94.0,03.05
2023,301,2.2,18.23,24.83,423.62,49.75,04.09,0.45,94.0,2.68
2023,302,2.58,15.52,25.9,381.72,39.75,4.36,01.09,94.03,2.86
2023,303,2.29,12.83,21.8,389.65,37.69,4.56,0.83,94.03,1.56
2023,304,1.48,17.15,26.64,417.46,46.5,2.92,0.45,94.01,1.69
2023,305,02.03,19.18,23.79,432.53,58.31,3.66,0.73,94.0,01.02
2023,306,1.68,20.49,23.58,446.34,66.94,3.12,0.69,94.04,1.52
2023,307,1.73,20.56,22.83,441.27,68.88,2.47,0.87,94.12,2.2
2023,308,1.16,20.24,23.27,445.18,62.81,1.88,0.53,94.06,2.58
2023,309,0.77,21.65,24.17,443.56,70.81,1.34,0.29,94.03,2.29
2023,310,02.09,22.21,23.33,435.49,80.44,3.93,0.68,94.2,1.48
2023,311,2.62,20.32,21.94,410.57,71.12,4.86,0.85,94.28,02.03
2023,312,2.67,18.49,21.17,391.43,60.62,4.18,01.02,94.37,1.68
2023,313,2.49,18.15,21.55,366.88,60.5,4.49,0.58,94.37,1.73
2023,314,2.4,16.71,22.01,372.51,52.06,4.2,0.76,94.25,1.16
2023,315,2.3,15.42,21.66,384.66,48.25,4.27,0.95,94.17,0.77
2023,316,1.86,14.11,19.76,374.55,44.75,3.73,0.8,94.13,02.09
2023,317,1.83,12.39,19.94,367.34,39.88,04.08,1.0,94.1,2.62
2023,318,1.93,12.74,21.38,384.52,35.62,4.23,0.69,94.03,2.67
2023,319,1.75,13.93,22.01,392.39,38.5,3.88,0.95,93.96,2.49
2023,320,1.39,17.08,24.01,414.02,45.88,3.7,0.62,93.93,2.4
2023,321,1.49,20.63,25.06,429.77,61.12,3.11,0.45,94.06,2.3
2023,322,1.18,20.27,23.73,438.76,58.25,2.23,0.52,94.1,1.86
2023,323,1.13,19.53,25.7,430.05,52.56,1.91,0.39,94.12,1.83
2023,324,1.48,19.15,23.29,424.47,57.19,1.99,0.81,94.07,1.93
2023,325,1.92,19.23,23.24,422.34,58.25,3.5,0.62,94.07,1.75
2023,326,02.05,18.38,22.95,410.18,56.5,3.84,0.66,94.05,1.39
2023,327,2.23,17.24,23.05,379.45,50.81,4.7,0.63,94.19,1.49
2023,328,1.52,17.62,23.44,410.56,51.12,2.26,0.86,94.33,1.18
2023,329,1.42,16.75,24.57,416.2,45.69,2.66,0.55,94.17,1.13
2023,330,03.05,16.15,24.72,416.83,44.62,4.61,0.93,94.15,1.48
2023,331,2.6,14.35,23.93,403.58,43.31,4.59,01.08,94.32,1.92
2023,332,2.12,8.94,19.66,369.73,30.88,04.02,0.99,94.3,02.05
2023,333,1.97,13.08,21.23,392.37,37.81,3.78,0.83,94.14,2.23
2023,334,1.86,13.26,23.97,415.52,34.75,3.98,0.5,94.1,1.52
2023,335,1.41,11.37,25.94,414.77,28.62,3.27,0.12,94.07,1.42
2023,336,1.7,12.12,25.87,421.26,30.06,3.3,0.73,94.05,03.05
2023,337,1.53,16.44,26.69,428.55,42.88,2.95,0.57,94.07,2.6
2023,338,1.62,17.57,25.56,430.0,48.19,2.96,0.25,94.24,2.12
2023,339,1.75,18.61,22.84,418.37,55.19,2.4,0.64,94.29,1.97
2023,340,1.72,16.5,25.7,396.66,45.81,3.26,0.49,94.13,1.86
2023,341,2.44,11.43,22.4,381.27,37.0,4.59,01.09,94.15,1.41
2023,342,1.69,12.87,22.73,406.07,36.44,4.44,0.6,94.15,1.7
2023,343,1.28,14.27,26.49,419.2,34.81,2.73,0.6,94.03,1.53
2023,344,2.12,16.6,25.43,433.2,41.75,4.78,0.47,93.97,1.62
2023,345,2.52,15.66,26.04,421.01,40.44,5.38,0.19,94.04,1.75
2023,346,1.91,16.95,24.03,414.71,47.69,3.85,0.36,94.15,1.72
2023,347,2.16,15.09,25.94,408.34,38.19,4.58,0.69,94.0,2.44
2023,348,2.89,9.46,23.68,355.33,29.06,05.08,0.99,93.98,1.69
2023,349,2.88,10.09,22.03,362.88,32.56,05.09,1.17,94.07,1.28
2023,350,2.59,10.67,21.87,376.18,32.38,4.65,01.07,94.12,2.12
2023,351,1.89,12.28,22.36,405.7,33.81,4.31,0.37,94.01,2.52
2023,352,1.62,15.0,25.44,416.12,38.94,3.96,0.17,93.92,1.91
2023,353,1.76,17.61,23.17,426.47,52.06,2.98,0.7,93.91,2.16
2023,354,2.34,19.55,23.55,416.2,63.06,3.92,01.03,94.03,2.89
2023,355,2.45,21.05,22.34,424.9,82.62,3.98,0.92,94.34,2.88
2023,356,2.1,20.28,21.3,427.04,74.94,04.08,0.51,94.41,2.59
2023,357,1.34,18.32,22.15,419.32,56.81,2.81,0.09,94.32,1.89
2023,358,1.98,18.69,21.99,421.4,57.0,3.78,0.65,94.29,1.62
2023,359,1.99,17.99,24.53,406.7,49.69,3.6,0.47,94.25,1.76
2023,360,1.69,16.26,21.48,389.05,46.5,3.77,0.52,94.27,2.34
2023,361,1.87,17.55,25.31,407.16,46.0,3.31,0.73,94.18,2.45
2023,362,02.06,18.44,24.55,423.81,53.44,3.27,0.67,94.2,2.1
2023,363,2.29,18.73,24.73,429.28,52.06,4.26,0.84,94.19,1.34
2023,364,1.13,20.7,23.25,436.23,66.25,2.24,0.35,94.22,1.98
2023,365,02.05,21.03,22.55,429.28,74.12,3.16,0.54,94.21,1.99
2024,1,01.05,20.95,22.12,437.09,72.44,1.48,0.63,94.2,1.69
2024,2,1.56,21.74,22.25,436.18,83.62,2.84,0.73,94.17,1.87
2024,3,1.73,21.65,20.92,436.16,83.06,2.69,0.71,94.21,02.06
2024,4,1.73,21.94,21.58,435.96,82.88,2.92,0.7,94.25,2.29
2024,5,1.53,22.12,22.16,435.42,88.81,03.06,0.52,94.24,1.13
2024,6,1.88,21.61,21.4,433.02,79.88,3.59,0.63,94.22,02.05
2024,7,1.18,21.8,21.41,413.34,77.81,2.1,0.64,94.22,01.05
2024,8,1.45,22.37,22.51,412.85,85.88,2.68,0.49,94.25,1.56
2024,9,1.77,21.33,21.21,399.96,78.44,3.53,0.1,94.3,1.73
2024,10,1.52,20.53,22.0,408.27,70.75,3.2,0.21,94.25,1.73
2024,11,1.39,20.76,22.04,409.01,72.62,2.25,0.63,94.24,1.53
2024,12,1.53,20.49,21.46,399.46,68.25,2.59,0.23,94.12,1.88
2024,13,1.59,20.27,20.95,407.76,71.62,2.69,0.77,94.23,1.18
2024,14,1.64,20.12,21.39,418.23,71.25,03.05,0.72,94.42,1.45
2024,15,1.37,19.62,21.33,404.86,66.25,2.5,0.48,94.47,1.77
2024,16,1.45,20.1,22.79,394.8,67.88,2.95,0.09,94.38,1.52
2024,17,1.31,19.96,22.22,398.72,66.44,2.92,0.43,94.36,1.39
2024,18,0.97,19.08,22.55,393.73,60.81,1.57,0.65,94.3,1.53
2024,19,1.17,19.4,22.56,399.81,61.19,1.83,0.66,94.3,1.59
2024,20,1.29,18.37,22.25,417.04,56.31,2.26,0.89,94.18,1.64
2024,21,1.59,19.8,22.15,433.35,62.94,2.37,01.02,94.25,1.37
2024,22,1.48,21.22,22.62,433.9,71.38,2.49,0.63,94.31,1.45
2024,23,1.12,21.94,22.83,435.05,79.06,2.38,0.34,94.25,1.31
2024,24,1.92,21.45,22.36,426.55,76.56,3.87,0.65,94.08,0.97
2024,25,2.28,21.65,23.03,443.41,78.94,3.92,01.03,94.06,1.17
2024,26,2.33,22.15,21.33,427.1,86.44,4.0,0.54,94.16,1.29
2024,27,1.55,21.8,21.5,425.18,85.38,2.6,0.51,94.28,1.59
2024,28,1.66,21.57,21.0,412.59,85.69,2.8,0.63,94.47,1.48
2024,29,1.63,20.65,20.91,412.36,79.44,3.22,0.52,94.53,1.12
2024,30,1.44,21.25,20.39,413.41,81.19,2.74,0.67,94.42,1.92
2024,31,1.43,21.75,22.25,398.64,79.0,03.02,0.45,94.36,2.28
2024,32,1.42,21.43,21.75,406.08,78.81,2.71,0.45,94.38,2.33
2024,33,1.84,19.44,20.72,389.38,71.69,3.47,0.36,94.4,1.55
2024,34,1.98,18.85,20.58,401.62,71.19,04.02,0.71,94.43,1.66
2024,35,1.98,18.55,19.64,393.9,69.5,3.9,0.77,94.39,1.63
2024,36,02.02,19.57,20.54,389.8,70.0,3.77,0.83,94.37,1.44
2024,37,1.7,20.08,21.51,401.88,67.69,03.04,0.45,94.44,1.43
2024,38,1.34,19.88,22.01,412.37,65.62,2.64,0.64,94.34,1.42
2024,39,1.35,18.97,22.94,424.09,61.38,2.7,0.5,94.22,1.84
2024,40,01.02,20.99,21.83,417.64,76.56,1.71,0.55,94.28,1.98
2024,41,1.99,21.31,21.44,407.95,86.94,04.02,0.07,94.41,1.98
2024,42,1.88,20.16,20.43,404.09,82.31,3.7,0.67,94.6,02.02
2024,43,2.75,19.06,20.35,397.07,73.88,5.32,0.88,94.52,1.7
2024,44,2.36,19.22,19.18,378.18,72.19,4.45,0.97,94.51,1.34
2024,45,1.48,19.17,20.05,383.05,65.94,03.05,0.74,94.5,1.35
2024,46,1.19,18.44,20.58,395.28,60.0,2.81,0.37,94.43,01.02
2024,47,0.99,19.06,21.05,407.88,60.5,2.38,0.47,94.37,1.99
2024,48,1.15,22.0,22.78,425.51,79.06,2.28,0.38,94.3,1.88
2024,49,1.15,21.19,21.48,432.93,78.0,1.98,0.37,94.27,2.75
2024,50,0.94,22.03,21.85,416.54,81.81,1.91,0.33,94.19,2.36
2024,51,1.54,22.37,21.65,419.47,87.0,2.89,0.48,94.1,1.48
2024,52,1.48,22.05,21.47,415.06,88.88,2.8,0.32,94.11,1.19
2024,53,1.23,21.37,21.43,411.27,87.94,2.3,0.39,94.26,0.99
2024,54,1.49,21.39,20.61,411.26,88.0,3.2,0.31,94.43,1.15
2024,55,02.09,21.44,20.55,395.29,84.06,3.9,0.67,94.52,1.15
2024,56,2.43,20.53,18.63,385.24,80.31,3.98,1.13,94.52,0.94
2024,57,02.01,20.1,18.84,381.55,79.31,3.68,0.88,94.36,1.54
2024,58,1.55,20.66,19.8,390.67,81.06,2.37,0.86,94.27,1.48
2024,59,1.66,21.29,20.38,397.66,78.81,3.17,0.59,94.32,1.23
2024,60,1.27,20.69,20.92,407.13,73.31,2.45,0.57,94.37,1.49
2024,61,01.05,20.83,21.52,409.76,72.94,1.66,0.63,94.3,02.09
2024,62,1.12,21.85,21.63,417.48,77.75,1.98,0.55,94.25,2.43
2024,63,1.24,22.23,21.79,413.45,80.06,2.28,0.75,94.21,02.01
2024,64,1.52,22.39,21.64,408.99,90.06,2.8,0.54,94.31,1.55
2024,65,1.55,21.04,19.94,409.25,83.94,2.92,0.7,94.41,1.66
2024,66,1.77,21.51,20.9,409.57,79.5,3.53,0.62,94.4,1.27
2024,67,1.91,21.56,21.31,404.66,77.69,3.83,0.67,94.44,01.05
2024,68,02.05,20.9,20.69,400.59,75.19,3.72,0.88,94.37,1.12
2024,69,1.76,19.83,19.87,380.05,70.12,3.49,0.77,94.32,1.24
2024,70,1.23,19.27,20.2,400.88,65.12,2.86,0.7,94.33,1.52
2024,71,1.48,19.58,22.92,426.19,61.94,03.08,0.38,94.35,1.55
2024,72,1.31,19.14,23.17,427.96,58.06,03.08,0.46,94.41,1.77
2024,73,1.36,20.08,22.41,424.52,63.62,03.02,0.3,94.38,1.91
2024,74,1.72,19.62,22.54,420.6,60.31,3.8,0.73,94.3,02.05
2024,75,1.88,20.13,22.43,431.22,62.75,3.43,0.65,94.17,1.76
2024,76,1.7,20.57,22.81,432.48,68.19,3.26,0.72,94.13,1.23
2024,77,1.52,17.97,21.43,415.32,57.12,2.87,0.77,94.21,1.48
2024,78,1.7,18.12,22.94,407.34,52.75,3.95,0.64,94.17,1.31
2024,79,1.17,17.9,24.99,424.28,49.94,2.41,0.19,94.04,1.36
2024,80,1.5,19.37,23.6,428.73,57.94,3.38,0.59,94.04,1.72
2024,81,0.88,19.98,22.71,432.24,62.38,1.64,0.43,94.15,1.88
2024,82,1.59,20.55,23.48,425.7,62.81,03.08,0.5,94.15,1.7
2024,83,1.71,20.55,23.18,436.41,65.0,3.59,0.53,94.14,1.52
2024,84,1.59,19.98,23.43,412.41,61.12,3.55,0.05,94.13,1.7
2024,85,02.02,16.76,21.91,383.51,52.5,3.9,0.71,94.09,1.17
2024,86,1.35,16.36,23.44,391.78,48.75,2.9,0.4,94.19,1.5
2024,87,1.99,19.21,23.04,421.91,58.62,04.05,0.64,94.21,0.88
2024,88,2.52,19.01,24.34,421.38,55.06,4.3,0.75,94.34,1.59
2024,89,2.42,17.49,23.26,417.98,52.06,4.41,0.47,94.38,1.71
2024,90,1.76,17.28,23.3,408.07,49.25,3.45,0.77,94.27,1.59
2024,91,01.09,14.87,22.44,411.65,43.56,2.12,0.35,94.21,02.02
2024,92,02.04,17.94,23.0,430.81,53.06,3.44,0.68,94.23,1.35
2024,93,1.37,18.94,22.94,428.57,57.56,2.18,0.2,94.24,1.99
2024,94,2.0,21.22,23.35,424.14,73.75,4.16,0.66,94.23,2.52
2024,95,1.84,20.95,22.01,422.37,75.56,3.95,0.39,94.32,2.42
2024,96,1.3,21.18,22.28,420.88,76.12,2.95,0.23,94.33,1.76
2024,97,01.03,21.62,21.97,419.26,76.81,2.12,0.3,94.26,01.09
2024,98,02.04,22.15,22.33,427.13,83.62,4.37,0.03,94.31,02.04
2024,99,1.84,20.98,20.69,387.77,79.19,3.67,0.69,94.32,1.37
2024,100,1.34,21.49,21.73,422.2,75.88,2.8,0.24,94.27,2.0
2024,101,0.64,21.49,22.69,407.91,74.0,1.69,0.08,94.17,1.84
2024,102,1.3,21.49,21.74,424.73,74.38,2.62,0.26,94.21,1.3
2024,103,1.69,21.26,21.67,430.62,74.06,3.44,0.14,94.26,01.03
2024,104,1.92,20.49,21.54,404.28,71.38,3.99,0.5,94.25,02.04
2024,105,2.1,19.34,20.79,402.65,69.75,3.73,0.84,94.19,1.84
2024,106,1.89,19.05,19.99,405.18,66.81,3.71,0.7,94.2,1.34
2024,107,2.13,20.34,21.4,418.29,72.0,3.61,0.96,94.3,0.64
2024,108,2.38,20.2,22.4,410.66,68.62,4.3,0.84,94.26,1.3
2024,109,1.64,21.12,21.89,416.76,73.12,3.23,0.7,94.21,1.69
2024,110,1.42,20.19,21.72,419.3,66.75,3.15,0.27,94.24,1.92
2024,111,1.88,19.23,21.23,418.49,63.62,3.86,0.52,94.36,2.1
2024,112,2.48,19.06,22.65,408.89,64.06,4.14,0.79,94.33,1.89
2024,113,2.23,18.9,22.08,404.52,62.44,04.01,0.8,94.24,2.13
2024,114,1.73,19.1,21.46,414.3,63.38,3.88,0.64,94.29,2.38
2024,115,1.76,18.98,21.73,415.98,61.06,3.71,0.68,94.3,1.64
2024,116,2.0,18.06,22.69,407.47,56.0,3.51,0.79,94.25,1.42
2024,117,2.6,17.28,21.31,424.57,57.88,4.25,01.01,94.19,1.88
2024,118,2.45,18.56,21.71,422.83,65.0,4.55,1.12,94.23,2.48
2024,119,2.0,20.15,22.59,410.82,68.0,3.27,0.77,94.22,2.23
2024,120,02.09,17.11,20.58,382.9,56.88,3.59,0.93,94.27,1.73
2024,121,2.48,16.54,20.44,382.19,55.56,3.81,1.2,94.32,1.76